,country,correct,total,accuracy
0,BE,4,4,1.0
1,CZ,0,1,0.0
2,DE,4,5,0.8
3,EE,0,5,0.0
4,FR,38,50,0.76
5,IT,4,6,0.6666666666666666
6,NL,10,10,1.0
7,PL,8,8,1.0
8,PT,6,7,0.8571428571428571
9,SE,1,1,1.0
10,SI,1,1,1.0
11,SK,2,2,1.0
